xml filename,htm filename
sa_abhinavagupta-IzvarapratyabhijJAvimarzinI.xml,abhiprvu.htm
sa_maitreyanAtha-abhisamayAlaMkaranAmaprajJApAramitopadezazAstra.xml,abhisamu.htm
sa_abhisamAcArikadharma.xml,abhisdhu.htm
sa_abhinavagupta-mAlinIzlokavArttika.xml,abhmal1u.htm
sa_abhayAkaragupta-niSpaNNayogAvali.xml,abhnispu.htm
sa_abhidharmasamuccayabhASya.xml,abhsubhu.htm
sa_abhinavagupta-tantrasAra.xml,abhtantu.htm
sa_amRtAkara-catuHstavasamAsArtha.xml,acatstvu.htm
sa_adbhutadharmaparyAya.xml,adbhutdu.htm
sa_aSTAdazasAhasrikA-prajJApAramitA55-82.xml,adsp55-u.htm
sa_AdyanAtha-anuttaraprakAzapaJcAzikA.xml,adyappau.htm
sa_ghaTakarparakAvya-comm.xml,aghatkvu.htm
sa_agnipurANa.xml,agp_bi_u.htm
sa_mANDUkyopaniSad-comm.xml,agsas_1u.htm
sa_ahorAtravratacaityasevAnuzaMsAvadAna.xml,ahovcs_u.htm
sa_ahoratravratakathA.xml,ahovk1_u.htm
sa_ahoratravratakathA-prose.xml,ahovk2_u.htm
sa_aitareyopaniSad-comm.xml,aitupsbu.htm
sa_ajitasenavyAkaraNa.xml,ajitsvyu.htm
sa_AryazUra-jAtakamAlA-1-15.xml,ajm_u.htm
sa_abhinanda-kAdambarIkathAsAra.xml,akadambu.htm
sa_amarasiMha-nAmaliGgAnuzAsana.xml,amark1hu.htm
sa_amaru-amaruzataka.xml,amaru_u.htm
sa_amoghapAzahRdayasUtra.xml,amoghapu.htm
sa_Anandakanda.xml,anandk_u.htm
sa_Anandavardhana-dhvanyAloka-comm.xml,andhvc1u.htm
sa_Anandavardhana-dhvanyAloka.xml,andhvy_u.htm
sa_anityatAsUtra.xml,anitysuu.htm
sa_annaMbhatta-tarkasaMgraha.xml,antarkau.htm
sa_annaMbhaTTa-tarkasaMgraha-comm.xml,antsdi_u.htm
sa_abhinavagupta-anuttarASTikA.xml,anuttaru.htm
sa_AnandabhaTTa-vallAlacarita.xml,anvallcu.htm
sa_abhinavagupta-paramArthasAra-comm.xml,aparmyou.htm
sa_ApastambadharmasUtra.xml,apastd_u.htm
sa_ApastambagRhyasUtra-comm.xml,apastgcu.htm
sa_appayadIkSita-vairAgyazatakam.xml,appvairu.htm
sa_ApastambazulbasUtra.xml,apsulbcu.htm
sa_arcaTa-hetubinduTIkA.xml,arhebt2u.htm
sa_arcaTa-hetubinduTIkA-edsanghavi.xml,arhebt_u.htm
sa_AryabhaTa-AryabhaTIya.xml,aryabh_u.htm
sa_AryabhaTa-AryabhaTIya-comm.xml,aryabhcu.htm
sa_asaGga-abhidharmasamuccaya.xml,asabhs_u.htm
sa_asaGga-mahAyAnasUtrAlaMkAra-comm.xml,asmahsbu.htm
sa_asaGga-mahAyAnasUtrAlaMkAra.xml,asmahsuu.htm
sa_aSTAvakragItA.xml,astavgau.htm
sa_azvaghoSa-buddhacarita.xml,asvbc_3u.htm
sa_azvaghoSa-buddhacarita-alt.xml,asvbuc2u.htm
sa_AzvalAyanagRhyasUtra.xml,asvgs_u.htm
sa_azvaghoSa-saundarAnanda.xml,asvsau2u.htm
sa_azvaghoSa-saundarAnanda-edmatsunami.xml,asvsaunu.htm
sa_AzvalAyanazrautasUtra.xml,asvss_u.htm
sa_asaGga-zarIrArthagAthA.xml,asycsaru.htm
sa_asaGga-trizatikAyAH-prajJApAramitAyAH-kArikAsaptatiH.xml,atrisatu.htm
sa_atharvavedapariziSTas.xml,avpari_u.htm
sa_atharvaprAyazcittAni.xml,avpray_u.htm
sa_avadAnazataka.xml,avsata_u.htm
sa_AyuHparyantasUtra.xml,ayuhparu.htm
sa_bANa-harSacaritapariziSTa.xml,bahcarpu.htm
"sa_bANa-kAdambarI-1,84-122.xml",bankad1u.htm
sa_baudhAyanadharmasUtra.xml,baudhd_u.htm
"sa_bAdarAyaNa-brahmasUtra1,1-1,3-comm-subcomm.xml",bbdip11u.htm
sa_buddhaghoSa-siddhArthacaritrakAvya.xml,bghsic_u.htm
sa_abhinavagupta-bhairavastava.xml,bhairstu.htm
sa_bhAmaha-kAvyAlaMkAra.xml,bhakavau.htm
sa_bhAravi-kirAtArjunIya.xml,bhakirau.htm
sa_bhallaTa-bhallaTazataka.xml,bhall_au.htm
sa_bharata-nATyazAstra-1-1618-303335-37.xml,bharnatu.htm
sa_bhatRhari-zatakatraya.xml,bharst_u.htm
sa_bhAsa-dUtavAkya.xml,bhasdutu.htm
sa_bhAsa-svapnavAsavadatta.xml,bhassv_u.htm
sa_bhaTTi-rAvaNavadha.xml,bhattiku.htm
sa_bhAvamizra-bhAvaprakAza.xml,bhavpr_u.htm
sa_bhAskara-bhagavadAzayAnusaraNabhAsya.xml,bhbhg_cu.htm
sa_bANa-harSacarita.xml,bhcarr_au.htm
sa_bhagavadgItA-4comm.xml,bhg4c__u.htm
sa_bhAsarvajJa-gaNakArikA-1-comm.xml,bhgank_u.htm
sa_bhagavadgItA-comm.xml,bhgsbh_u.htm
sa_bhikSuNIkarmavAcanA.xml,bhikavau.htm
sa_bhikSuNIvinaya.xml,bhivin_u.htm
sa_bhaTTanArAyaNa-stavacintAmaNi.xml,bhnstcbu.htm
sa_bhAgavatapurANa.xml,bhp1-12u.htm
"sa_bhAgavatapurANa-10,29-33.xml",bhpc101u.htm
sa_bhRgusaMhitA.xml,bhrgus_u.htm
sa_bhUtirAja-svabodhasiddhi.xml,bhutisbs_u.htm
sa_bhaTTanArAyaNa-veNIsaMhAra.xml,bhveni_u.htm
sa_bilhaNa-caurapaJcAzikA.xml,bicaupau.htm
sa_bhAskara-bIjagaNita.xml,bijaganu.htm
sa_bIjanighaNTu.xml,bijnighu.htm
sa_abhinavagupta-bodhapaJcadazikA.xml,bodhpanu.htm
sa_bower-manuscript.xml,bowermsu.htm
sa_brahmapurANa-1-246.xml,brahmpau.htm
sa_bAdarAyaNa-brahmasUtra-alt.xml,brahms2u.htm
sa_bAdarAyaNa-brahmasUtra.xml,brahmsuu.htm
sa_brahmabindUpaniSad.xml,brbiuppu.htm
sa_varAhamihira-bRhajjAtaka.xml,brhajj_u.htm
sa_varAhamihira-bRhatsaMhitA.xml,brhats_u.htm
sa_brahmasaMhitA-5-comm.xml,brhms5cu.htm
sa_buddhasvAmin-bRhatkathAzlokasaMgraha.xml,brkas_au.htm
sa_brahmANDapurANa.xml,brndp1_u.htm
sa_bAdarAyaNa-brahmasUtra-subcomm.xml,brsgor1u.htm
sa_brahmagupta-brAhmasphuTasiddhAnta.xml,brsphutu.htm
sa_bAdarAyaNa-brahmasUtra-comm.xml,brssbh1u.htm
sa_bAdarAyaNa-brahmasUtra-comm-subcomm2.xml,brssgo1u.htm
sa_bAdarAyaNa-brahmasUtra-subcomm2.xml,brsvbh1u.htm
sa_bRhadAraNyakopaniSadkANva-recension-comm.xml,brupsb_u.htm
sa_AlambanaparIkSA.xml,bsa001_u.htm
sa_AlambanaparIkSA-comm.xml,bsa002_u.htm
sa_zAntideva-bodhicaryAvatAra-alt.xml,bsa003_u.htm
sa_atiza-bodhipathapradIpa.xml,bsa004_u.htm
sa_dIpaMkara-caryAsaMgrahapradIpa.xml,bsa005_u.htm
sa_Aryadeva-cittavizuddhiprakaraNa.xml,bsa006_u.htm
sa_nAgArjuna-dharmasaMgraha.xml,bsa007_u.htm
sa_garbhasaMgrahaH.xml,bsa008_u.htm
sa_hastavAlaprakaraNavRtti.xml,bsa009_u.htm
sa_maitreya-madhyAntavibhAgakArikA.xml,bsa010_u.htm
sa_dignAga-prajJApAramitApiNDArtha.xml,bsa011_u.htm
sa_nAgArjuna-pratItyasamutpAdahRdayakArikA.xml,bsa012_u.htm
sa_nAgArjuna-pratItyasamutpAdahRdayavyAkhyAna.xml,bsa013_u.htm
sa_zikSAsamuccayakArikA.xml,bsa014_u.htm
sa_nAgArjuna-suhRllekha.xml,bsa015_u.htm
sa_nAgArjuna-zUnyatAsaptati.xml,bsa016_u.htm
sa_tattvaratnAvaloka.xml,bsa017_u.htm
sa_vasubandhu-triMzikAvijJaptikArikA.xml,bsa018_u.htm
sa_vasubandhu-trisvabhAvanirdeza.xml,bsa019_u.htm
sa_azvaghoSa-vajrasUcI.xml,bsa020_u.htm
sa_nAgArjuna-vigrahavyAvartanI-alt.xml,bsa021_u.htm
sa_viMzikAvRtti.xml,bsa022_u.htm
sa_viMzatikAkArikA.xml,bsa023_u.htm
sa_dIpaMkara-satyadvayAvatAranAma.xml,bsa024_u.htm
sa_nAgArjuna-ratnAvalI.xml,bsa025_u.htm
sa_abhisamayAlaMkAra.xml,bsa026_u.htm
sa_nAgArjuna-madhyamakazAstra.xml,bsa027_u.htm
sa_Aryadeva-catuHzatikA.xml,bsa028_u.htm
sa_asaGga-mahAyAnasUtrAlaMkAra-alt.xml,bsa030_u.htm
sa_abhisamayAlaMkAravRttiH-sphuTArthA.xml,bsa031_u.htm
sa_AryazUra-jAtakamAlA.xml,bsa032_u.htm
sa_abhisamayAlaMkAravivaraNa.xml,bsa033_u.htm
sa_bodhisattvabhUmi.xml,bsa034_u.htm
sa_dIpaMkarazrIjJAna-bodhisattvAdikarmikamArgAvatAradezanA.xml,bsa035_u.htm
sa_dIpaMkarazrIjJAna-zaraNagamanadezanA.xml,bsa036_u.htm
sa_dIpaMkarazrIjJAna-mahAyAnapathasAdhanasaMgraha.xml,bsa037_u.htm
sa_dIpaMkarazrIjJAna-sUtrArthasamuccayopadeza.xml,bsa038_u.htm
sa_dIpaMkarazrIjJAna-dazAkuzalakarmapathadezanA.xml,bsa039_u.htm
sa_dIpaMkarazrIjJAna-cittotpAdasaMvaravidhikrama.xml,bsa040_u.htm
sa_dIpaMkarazrIjJAna-ApattidezanAvidhi.xml,bsa041_u.htm
sa_dIpaMkarazrIjJAna-gurukriyAkrama.xml,bsa042_u.htm
sa_dIpaMkarazrIjJAna-samAdhisaMbhAraparivarta.xml,bsa043_u.htm
sa_nAgArjuna-kriyAsaMgrahakArikA.xml,bsa044_u.htm
sa_azvaghoSa-gurupaJcAzikA.xml,bsa045_u.htm
sa_dignAga-yogAvatAra.xml,bsa046_u.htm
sa_kamalazIla-bhAvanAkrama.xml,bsa047_u.htm
sa_Aryadeva-caryAmelAvaNapradIpa.xml,bsa048_u.htm
sa_AryazUra-pAramitAsamAsa.xml,bsa050_u.htm
sa_ratnAkarazAnti-sAratama.xml,bsa051_u.htm
sa_dharmasamuccaya.xml,bsa052_u.htm
sa_madhyamakAvatAra-1-5.xml,bsa053_u.htm
sa_prajJAkaramati-bodhicaryAvatArapaJjikA.xml,bsa054_u.htm
sa_apohasiddhi.xml,bsa0551u.htm
sa_kSaNabhaGgasiddhi.xml,bsa0552u.htm
sa_ratnakIrti-kSaNabhaGgasiddhi-vyatirekAtmikA-alt.xml,bsa0553u.htm
sa_paNDitAzoka-avayavinirAkaraNa.xml,bsa0554u.htm
sa_paNDitAzoka-sAmAnyadUSaNadikprasAritA.xml,bsa0555u.htm
sa_antarvyAptisamarthana.xml,bsa0556u.htm
sa_dharmakIrti-nyAyabinduprakaraNakArikA.xml,bsa057_u.htm
sa_maitreyanAtha-bhavasaMkrAntiTIkA.xml,bsa058_u.htm
sa_dharmakIrti-saMtAnAntarasiddhi.xml,bsa059_u.htm
sa_vararuci-zatagAthA.xml,bsa060_u.htm
sa_vinItadeva-saMtAnAntarasiddhiTIkA.xml,bsa061_u.htm
sa_nAgArjuna-zAlistambakakArikA.xml,bsa062_u.htm
sa_dharmakIrti-saMbandhaparIkSA-comm.xml,bsa063_u.htm
sa_dharmakIrti-vAdanyAya-alt.xml,bsa064_u.htm
sa_vasubandhu-paJcaskandhaprakaraNa.xml,bsa065_u.htm
sa_haribhadrasUri-nyAyapravezapravRtti.xml,bsa066_u.htm
sa_nAgArjuna-bhavasaGkrAntiparikathA.xml,bsa067_u.htm
sa_bhikSukarmavAkya.xml,bsa068_u.htm
sa_tarkazAstra.xml,bsa069_u.htm
sa_upAyahRdaya.xml,bsa070_u.htm
sa_dharmakIrti-hetubindu.xml,bsa071_u.htm
sa_tarkabhASA.xml,bsa072_u.htm
sa_ratnagotravibhAga.xml,bsa073_u.htm
sa_ratnakIrti-nibandhAvalI.xml,bsa075_u.htm
sa_108-buddhist-stotras.xml,bst-108u.htm
sa_AryAnityatAsUtra.xml,bsu001_u.htm
sa_amoghapAzahRdayasUtra-alt.xml,bsu002_u.htm
sa_aparimitAyuHsUtra.xml,bsu003_u.htm
sa_sitAtapatrA.xml,bsu004_u.htm
sa_arthavinizcayasUtra.xml,bsu005_u.htm
sa_ajitasenavyAkaraNa-alt.xml,bsu006_u.htm
sa_zrImahAdevIvyAkaraNa.xml,bsu007_u.htm
sa_buddhabalAdhAnaprAtihAryavikurvANanirdezasUtra.xml,bsu008_u.htm
sa_maitreyavyAkaraNa-alt.xml,bsu009_u.htm
sa_bhavasaMkrAntisUtra.xml,bsu010_u.htm
sa_bodhisattvaprAtimokSasUtra.xml,bsu011_u.htm
sa_bhaiSajyaguruvaidUryaprabharAjasUtra.xml,bsu012_u.htm
sa_caturdharmanirdezasUtra.xml,bsu013_u.htm
sa_dazabhUmikasUtra.xml,bsu014_u.htm
sa_ekAdazamukha.xml,bsu015_u.htm
sa_gaNDavyUhasUtra.xml,bsu016_u.htm
sa_hayagrIvavidyA.xml,bsu017_u.htm
sa_karuNApuNDarIkasUtra.xml,bsu018_u.htm
sa_kAraNDavyUha.xml,bsu019_u.htm
sa_kAzyapaparivartasUtra-alt.xml,bsu020_u.htm
sa_saddharmalaGkAvatArasUtra.xml,bsu021_u.htm
sa_lalitavistara.xml,bsu022_u.htm
sa_madhyamakazAlistambasUtra.xml,bsu023_u.htm
sa_mahAsaMnipAtaratnaketudhAraNIsUtra1-610-11.xml,bsu024_u.htm
sa_nairAtmyaparipRcchAmahAyAnasUtra.xml,bsu025_u.htm
sa_pratItyasamutpAdamahAyAnasUtra.xml,bsu026_u.htm
sa_pratItyasamutpAdAdivibhaGganirdezasUtra.xml,bsu027_u.htm
sa_ratnaguNasaMcayagAthA.xml,bsu028au.htm
sa_rASTrapAlaparipRcchA.xml,bsu029_u.htm
sa_suvikrAntavikrAmiparipRcchA.xml,bsu030_u.htm
sa_zAlistambasUtra.xml,bsu031_u.htm
sa_sukhAvatIvyUhasaMkSiptamAtRkA.xml,bsu032_u.htm
sa_sukhAvatIvyUhavistaramAtRkA.xml,bsu033_u.htm
sa_samAdhirAjasUtra.xml,bsu034_u.htm
sa_suvarNaprabhAsasUtra.xml,bsu035_u.htm
sa_saddharmapuNDarIkasUtra.xml,bsu036_u.htm
sa_sarvatathAgatAdhiSThAnavyUhasUtra.xml,bsu037_u.htm
sa_sAgaranAgarAjaparipRcchAmahAyAnasUtra.xml,bsu038_u.htm
sa_triskandhasUtra.xml,bsu039_u.htm
sa_vinayavinizcayaupAliparipRcchA.xml,bsu040_u.htm
sa_maJjuzrImUlakalpa.xml,bsu041_u.htm
sa_saMghATasUtra.xml,bsu045_u.htm
sa_prAtimokSasUtra-of-the-mahAsAMghikas.xml,bsu046_u.htm
sa_aSTasAhasrikA-prajJApAramitA.xml,bsu049_u.htm
sa_svalpAkSarA-prajJApAramitA.xml,bsu050_u.htm
sa_vajracchedikA-prajJApAramitA.xml,bsu051_u.htm
sa_saptazatikA-prajJApAramitA.xml,bsu052_u.htm
sa_prajJApAramitAhRdayasUtravistaramAtRkA.xml,bsu053_u.htm
sa_prajJApAramitAhRdayasUtrasaMkSiptamAtRkA.xml,bsu054_u.htm
sa_kauzikaprajJApAramitAsUtra.xml,bsu055_u.htm
sa_adhyardhazatikA-prajJApAramitA.xml,bsu056_u.htm
sa_advayazatikA-prajJApAramitA.xml,bsu057_u.htm
sa_vinayasUtra-1pravrajyAvastu.xml,bsu058_u.htm
sa_samyaksaMbuddhabhASitaM-pratimAlakSaNam.xml,bsu059_u.htm
sa_karmavibhaGgopadeza.xml,bsu060_u.htm
sa_vimalakIrtinirdezasUtra.xml,bsu061_u.htm
sa_guNakAraNDavyUhasUtra.xml,bsu062_u.htm
sa_kSemendra-avadAnakalpalatA.xml,bsu078_u.htm
sa_buddhist-stotras.xml,busto1_u.htm
sa_buddhist-yoga-manual.xml,byogalbu.htm
sa_prabodhAnandasarasvatI-caitanyacandrAmRta.xml,caitcanu.htm
sa_cakrapANinAtha-bhAvopahArastotra.xml,cakbhavu.htm
sa_candrasUtra.xml,candras_tu.htm
sa_candrakIrti-prasannapada.xml,canprasu.htm
sa_candragomin-ziSyalekha.xml,cansisyu.htm
sa_agniveza-carakasaMhitA-parts-comm.xml,caraka_u.htm
sa_chandoviciti.xml,chandovu.htm
sa_chAndogyopaniSad-comm.xml,chupsb_u.htm
sa_dAmodaragupta-kuTTanImata.xml,damkuttu.htm
sa_daNDin-dazakumAracarita3--5-6.xml,danddk2u.htm
sa_daNDin-dazakumAracarita.xml,dandkc_u.htm
sa_dantyoSThavidhi.xml,dantyovu.htm
sa_davuldeNa-jJAnezvara-mahAsthavira-yazodharAcarita.xml,davyasou.htm
sa_devIgItA.xml,dbhp_dgu.htm
sa_dazabalasUtra-1-4.xml,dbsu1-4u.htm
sa_devIkAlottarAgama.xml,devikaau.htm
sa_dhanaMjaya-dazarUpaka-1-4.xml,dhandasu.htm
sa_durvekamizra-hetubinduTIkAloka.xml,dhebta_u.htm
sa_dharmakIrti-hetubindu-edsteinkellner.xml,dhkhetuu.htm
sa_dharmakIrti-nyAyabindu.xml,dhknyayu.htm
sa_dharmakIrti-pramANavinizcaya-fragment.xml,dhkprviu.htm
sa_dharmakIrti-pramANavArttikakArikA.xml,dhkprvku.htm
sa_dharmakIrti-pramANavArttisvavRtti.xml,dhkpvsvu.htm
sa_dharmakIrti-subandhaparIkSA-1-25.xml,dhksparu.htm
sa_dharmakIrti-vAdanyAya.xml,dhkvadnu.htm
sa_dharmakIrti-nyAyabinduprakaraNa-comm.xml,dhnyabpu.htm
sa_dhoyI-pavanadUta.xml,dhoypavu.htm
sa_patna-dharmapada.xml,dhppat_u.htm
sa_DhuNDhukanAtha-rasendracintAmaNi.xml,dhrasciu.htm
sa_dharmaskandha.xml,dhrmsk_u.htm
sa_dhvajAgrakeyUrAdhAriNI-alt.xml,dhvajkdu.htm
sa_dhvajAgrakeyUrAdhAriNI.xml,dhvajkeu.htm
sa_dhvajAgrasUtra.xml,dhvjgs_tu.htm
sa_dhyAnacandragosvAmin-gauragaovindArcanasmaraNapaddhati.xml,dhyggs_u.htm
sa_dhyAnacandragosvAmin-rAdhAkRSNASTakAlIyalIlAsmaraNakramapaddhati.xml,dhyrkk_u.htm
sa_dIpaMkarabhadra-guhyasamAjamaNDalavidhi.xml,dipguhsu.htm
sa_azokAvadAna.xml,divav29u.htm
sa_zArdUlakarNAvadAna.xml,divav33u.htm
sa_divyAvadAna.xml,divyav_u.htm
sa_daNDin-kAvyAdarza-1-2.xml,dkavy12u.htm
sa_daNDin-kAvyAdarza1--2.1-144--2.310-368.xml,dkavy1au.htm
sa_daNDin-kAvyAdarza-3.xml,dkavy3_u.htm
sa_dramatic-fragments-buddhist.xml,dramfrag_tu.htm
sa_dazasAhasrikA-prajJApAramitA1-and-2-translated-from-tibetan.xml,dsp1-2_u.htm
sa_durvekamizra-dharmottarapradIpa.xml,durdhpru.htm
sa_dvAviMzatyavadAnakathA.xml,dvavims_tu.htm
sa_devatAsUtra-and-alpadevatAsUtra.xml,dvtasutu.htm
sa_ekAdazamukhahRdaya.xml,ekmuhr_u.htm
sa_ekottarAgamafragments.xml,ekottaru.htm
sa_gAGgeza-tattvacintAmaNizabdakhANDa.xml,gangtciu.htm
sa_gaNapatihRdaydhAraNI.xml,ganphrdu.htm
sa_garbhopaniSad.xml,garbhupu.htm
sa_garuDapurANa.xml,garup1_u.htm
sa_gauDapAda-AgamazAstra.xml,gaukarau.htm
sa_gautama-nyAyasUtra.xml,gaunys_u.htm
sa_gautama-dharmasUtra.xml,gautdh_u.htm
sa_gautama-dharmasUtra1-3-comm.xml,gautdhcu.htm
sa_kuzalamizra-gUDhArthadIpikA.xml,ghatgu_u.htm
sa_gheraNDasaMhitA.xml,ghers_bu.htm
sa_mANDUkyopaniSatkArikA.xml,gmandk_u.htm
sa_gopathabrAhmaNa.xml,gopbra_u.htm
sa_gopadatta-jAtakamAlA.xml,gopjatmu.htm
"sa_gopathabrAhmaNa-1,1,1-1,3,6.xml",gopthbru.htm
sa_gorakSanAtha-AmaraughazAsana-comm.xml,goramaru.htm
sa_gorakSanAtha-gorakSazataka.xml,gorst1au.htm
sa_gorakSazataka-alt.xml,gorst2au.htm
sa_govardhana-AryAsaptazatI.xml,govass_u.htm
sa_jIvagosvAmin-gopAlacampUp1-33u1-3u5-6u29.xml,gp01-11u.htm
sa_grahamAtRkAdhAraNI.xml,grahmdhu.htm
sa_govindabhagavatpAda-rasahRdayatantra-comm.xml,grasht_u.htm
sa_bhaktivinoda-harinAmacintAmaNi.xml,harinc_u.htm
sa_harSadeva-nAgAnanda.xml,harnagau.htm
sa_svAtmArAma-haThayogapradIpikA.xml,hathyopu.htm
sa_gopAlabhaTTa-haribhaktivilAsa-1-11.xml,hbhvil_u.htm
sa_harSadeva-ratnAvalInATikA.xml,hdratn_u.htm
sa_nArAyaNa-hitopadeza.xml,hitop_u.htm
sa_haribhaTTa-jAtakamAlA1-8--11-12--19-20--22--24--26--32--35.xml,hjatm_au.htm
sa_harSadeva-priyadarzikA.xml,hpriydau.htm
sa_haribhadrasUri-zAstravArttAsamuccaya.xml,hsasvrau.htm
sa_harivaMza-app1.xml,hv_appau.htm
sa_harivaMza.xml,hv_conau.htm
sa_harivarman-satyasiddhizAstram.xml,hvsatssu.htm
sa_IzvarakRSNa-sAMkhyakArikA-comm.xml,iskamatu.htm
sa_IzvarakRSNa-sAMkhyakArikA-alt.xml,iskar_u.htm
sa_IzvarakRSNa-sAMkhyakArikA-comm2.xml,iskgaudu.htm
sa_IzopaniSad-or-IzAvAsyopaniSadkANva-recension-comm.xml,isupsb_u.htm
sa_IzvarakRSNa-sAMkhyakArikA.xml,isvskaru.htm
sa_jagannAtha-prANAbharaNa-comm.xml,jagpranu.htm
sa_jagannAtha-sudhAlaharI.xml,jagsudhu.htm
sa_jaiminIyagRhyasUtra.xml,jaimigsu.htm
sa_jaimini-mImAMsAsUtra.xml,jaimsutu.htm
sa_jalhaNa-mugdhopadeza.xml,jalmugau.htm
sa_jJAnayazas-jAtakastava.xml,jatkstau.htm
sa_jayadeva-candrAloka.xml,jaycndau.htm
sa_jayadeva-gItagovinda.xml,jaygit1u.htm
sa_jayadeva-gItagovinda-alt.xml,jaygit2u.htm
sa_IzvarakRSNa-sAMkhyakArikA-comm3.xml,jaymangu.htm
sa_jayarAzi-tattvopaplavasiMha.xml,jaytupau.htm
sa_jagannAthapaNDitarAja-rasagaGgAdhara-1.xml,jgrasg1u.htm
sa_jitAri-hetutattvopadeza.xml,jithettu.htm
sa_jitAri-hetutattvopadeza-alt.xml,jithetuu.htm
sa_jIvagosvAmin-rAdhAkRSNArcanadIpikA.xml,jivrkadu.htm
sa_jIvagosvAmin-saMkalpakalpadruma.xml,jivskd_u.htm
sa_jJAnAlokAlaMkArasUtra.xml,jnalokau.htm
sa_jJAnAmRtasArasaMhitA.xml,jnass01u.htm
sa_jonarAja-and-pseudo-jonarAja-rAjataraGginI.xml,jonart_au.htm
"sa_khaNDadeva-bhATTadIpikA1-3,3.xml",jsbh1-1u.htm
sa_jayarakSita-sphuTArthA-zrIghanAcArasaMgrahaTIkA.xml,jsphustu.htm
sa_jJAnazambhu-zivapUjAstava.xml,jssivpau.htm
sa_jayAditya-and-vAmana-kAzikAvRtti.xml,jvkasixu.htm
sa_jJAnazrImitra-vRttamAlAstuti.xml,jvrtmsau.htm
sa_jyotirIzvarakavizekhara-paJcasAyaka.xml,jyopancu.htm
sa_kaivalyopaniSad.xml,kaivup_u.htm
sa_kAlidAsa-kumArasaMbhava.xml,kakumsau.htm
sa_kAlidAsa-RtusaMhAra.xml,kalrs_au.htm
sa_vAtsyAyana-kAmasUtra.xml,kamasufu.htm
sa_vAtsyAyana-kAmasUtra-ednirnaya.xml,kamasutu.htm
sa_kamalazIla-vajracchedikATIkA.xml,kamvchtu.htm
sa_karatoyAmAhAtmya.xml,karatoau.htm
sa_kAzyapaparivartasUtra.xml,kasyparu.htm
sa_kaThinAvadAna.xml,kathinau.htm
sa_kathopaniSad.xml,kathop_u.htm
sa_kauSItakibrAhmaNa.xml,kausibru.htm
sa_kauzikasUtra.xml,kaussu_u.htm
sa_kauthumagRhyasUtra.xml,kauthgsu.htm
sa_kauTilya-arthazAstra.xml,kautil_u.htm
sa_kavirAjayati-sAMkhyatattvapradIpa.xml,kavsttvu.htm
sa_kSemendra-garbhAvakrAntyavadAna.xml,kbavk10u.htm
sa_kSemendra-sudhanakinnaryavadAna.xml,kbavk64u.htm
sa_kSemendra-pratItyasamutpAdAvadAna.xml,kbavk75u.htm
sa_kSemendra-bodhisattvAvadAnakalpalatA-93sumAgadhAvadAna.xml,kbavk93u.htm
sa_kRSNadAsa-bhAvanAsArasaMgraha-1-2.xml,kbss_1-u.htm
sa_kedArabhaTTa-vRttaratnAkara.xml,kedvratu.htm
sa_kezava-kauzikapaddhati.xml,keskaupu.htm
sa_kezava-sAMkhyatattvapradIpikA.xml,kestprau.htm
sa_khasarpaNasAdhana.xml,khasrpsu.htm
sa_kiraNatantra1-6.xml,kirtc_au.htm
sa_kalpadrumAvadAnamAlA.xml,klpdraau.htm
sa_kAlidAsa-meghadUta.xml,kmeghdau.htm
sa_kAlidAsa-meghadUta-acc-vallabhadeva.xml,kmeghvau.htm
sa_kambalapAda-navazlokI.xml,knavslou.htm
sa_kAlidAsa-raghuvaMza.xml,kragh_au.htm
sa_abhinavagupta-kramastotra.xml,kramstou.htm
sa_kezavakAzmIri-kramadIpikA.xml,krdipc_u.htm
sa_kAlidAsa-abhijJAnazakuntala.xml,ksakunau.htm
sa_kSemendra-bhAratamaJjarI-6-19.xml,ksbhm06u.htm
sa_kSemendra-darpadalana.xml,ksdarpau.htm
sa_kSemarAja-bodhavilAsa.xml,ksembodhv_u.htm
sa_kSemendra-kalAvilAsa.xml,kskala_u.htm
sa_kamalazIla-madhyamakAloka.xml,ksmadhlu.htm
sa_kSemendra-narmamAlA.xml,ksnarm_u.htm
sa_kAlidAsa-zyAmalAdaNDaka.xml,ksyadndu.htm
"sa_kumArila-tantravArttika-2,1,1-4.xml",ktv_2-1u.htm
sa_kubjikamatatantra.xml,kubjt_au.htm
sa_kumAralAta-kalpanAmaNDitikA.xml,kukalpmu.htm
sa_kulazekhara-mukundamAlA-eddurgaprasad.xml,kulmukuu.htm
sa_kulazekhara-mukundamAlA.xml,kumukumu.htm
sa_kuntaka-vakroktijIvita-comm.xml,kunvjivu.htm
sa_kUrmapurANa.xml,kurmp1_u.htm
sa_kedArabhaTTa-vRttaratnAkara-comm.xml,kvrtrsuu.htm
sa_rUpagosvAmin-laghubhAgavatAmRta.xml,laghbh_u.htm
sa_lagadha-RgvedavedAGgajyotiSa.xml,lagrvvju.htm
sa_bhAskara-lIlAvatI.xml,lilavatu.htm
sa_liGgapurANa1-108.xml,lip_1_au.htm
"sa_liGgapurANa2,1-55.xml",lip_2__u.htm
sa_laGkezvara-zivastuti.xml,lnksivsu.htm
sa_mAdhva-mahAbhAratatAtparyanirNaya.xml,m_mbhtnu.htm
sa_mAtRkAbhedatantra.xml,mabhedtu.htm
sa_mahAdaNDadhAraNIzItavatI.xml,madadh_u.htm
sa_mAdhva-anuvyAkhyAna.xml,madhanuu.htm
sa_madhusUdanasarasvatI-siddhAntabindu.xml,madhsiddhb_u.htm
sa_mAgha-zizupAlavadha.xml,maghspvu.htm
sa_mahAmantrAnusAriNI.xml,mahama_u.htm
sa_mahApratisarAmahAvidyArAjJI.xml,mahpratu.htm
sa_maitreyavyAkaraNa.xml,maivy_au.htm
sa_mAlinIvijayottaratantra.xml,malinivu.htm
sa_mammaTa-kAvyaprakAza.xml,mamkavpu.htm
sa_mammaTa-kAvyaprakAza-comm.xml,mamkpb_u.htm
sa_mAnavagRhyasUtra-maitrAyaNIyamAnavagRhyasUtra.xml,manavgsu.htm
sa_mANDUkyopaniSad-alt.xml,mand_upu.htm
sa_mahAmaNivipulavimAnavizvasupratiSThitaguhyaparamarahasyakalparAjadhAraNI.xml,manivdhu.htm
sa_maJjuzrInAmasaMgIti-alt.xml,manjn1au.htm
sa_maJjuzrInAmasaMgIti.xml,manjnsau.htm
sa_mArIcInAmadhAraNI.xml,maricdhu.htm
sa_mAtRceTa-zatapaJcAzatka.xml,matpra_u.htm
sa_mahAvadAnasUtra.xml,mavadsuu.htm
sa_mandanamizra-brahmasiddhi.xml,mbrahsiu.htm
sa_mAdhva-kRSNAmRtamahArNava.xml,mdhvkmou.htm
sa_kAlidAsa-meghadUta-edkale.xml,meghdk_u.htm
sa_mekhalAdhAraNI.xml,mekhdh_u.htm
sa_mahAvastu-avAdana.xml,mhvastuu.htm
sa_kumArila-mImAMsazlokavArttika-comm.xml,mimslovu.htm
sa_sucaritamizra-mImAMsAzlokavArttika.xml,mimsvtku.htm
sa_mInanAtha-smaradIpikA.xml,minsmaru.htm
sa_mAdhava-jaiminIyanyAyamAlAvistara.xml,mjnya01u.htm
sa_mahAkarmavibhaGga.xml,mkarmviu.htm
sa_mArkaNDeyapurANa1-93.xml,mkp1-93u.htm
sa_mahendravarman-i-mattavilAsaprahasana.xml,mmatvipu.htm
sa_mahAmAyUrIvidyArAjJI.xml,mmayuvru.htm
sa_maNDanamizra-vibhramaviveka.xml,mndvivau.htm
sa_mahApratisarA-paJcarakSA.xml,mpratpru.htm
sa_mahApratisarAvidyAdhAraNI.xml,mprsvdhu.htm
sa_mahAparinirvANasUtra.xml,mpsu_w_u.htm
sa_mahApratisarAvidyAvidhi.xml,mpvv_u.htm
"sa_mRgendrAgama1,1-7,23.xml",mrgt1chu.htm
sa_mRgendrAgama.xml,mrgt1mau.htm
sa_mRtyuvaJcanasitatArAsAdhana.xml,mrtvstsu.htm
sa_mRtyuvaJcanatArAsAdhana.xml,mrtvts_u.htm
sa_mRtyuvaJcanopadezatArAsAdhana.xml,mrtvutsu.htm
sa_mammaTa-zabdavyApAravicAra.xml,msabdvvu.htm
sa_jaimini-mImAMsAsUtra-1-7-comm.xml,msbh1-7u.htm
sa_mahAzItavatI-vidyArAjJI.xml,msitvatu.htm
sa_mahAsAhasrapramardanI.xml,mspram_u.htm
sa_mahAsubhASitasaMgraha-1-9979.xml,msubhs_u.htm
sa_mahAsudarzanAvadAna.xml,msudarsu.htm
sa_matsyapurANa1-176.xml,mtp176au.htm
sa_raghunAthadAsagosvAmin-muktAcarita.xml,muktacau.htm
sa_narahari-bodhasAra.xml,nabodhsu.htm
sa_nAgArjuna-acintyastava.xml,nagast_u.htm
sa_nAgArjuna-bodhicittavivaraNa-fragments.xml,nagbhc_u.htm
sa_nagnajit-citralakSaNam.xml,nagcitau.htm
sa_nAgArjuna-dharmadhAtugarbhavivaraNa.xml,nagdhdbu.htm
sa_nAgArjuna-lokAtItastava.xml,naglok_u.htm
sa_nAgArjuna-mUlamadhyamakakArikA.xml,nagmmk_u.htm
sa_nAgArjuna-mahAyAnaviMzikA.xml,nagmyv_u.htm
sa_nAgArjuna-paJcakrama.xml,nagpancu.htm
sa_nAgArjuna-piNDIkrama.xml,nagpindu.htm
sa_nAgArjuna-zAlistambakamahAyAnasUtraTIkA.xml,nagsaliu.htm
sa_nagaropamasUtra.xml,nagsu_tu.htm
sa_nAgArjuna-vigrahavyAvartanI.xml,nagvigvu.htm
sa_nAgArjuna-vigrahavyAvartanIkArikA.xml,nagvvy_u.htm
sa_nAgArjuna-yuktiSaSTikakArikA-fragments.xml,nagysk_u.htm
sa_nAgArjuna-yuktiSaSTikakArikA.xml,nagyuksu.htm
sa_namaskAraikaviMzatistotra.xml,namekvsu.htm
sa_nArAyaNIya.xml,naray_bu.htm
sa_nArAyaNabhaTTa-nArAyaNIya.xml,narayniu.htm
sa_nAradapurANa.xml,nardp1_u.htm
sa_nAropa-sekoddeza.xml,narsekou.htm
sa_narasiMhapurANa.xml,narsipau.htm
sa_nAdabindUpaniSad.xml,ndbiuppu.htm
sa_nidAnasaMyukta.xml,nidansyu.htm
sa_yAska-nirukta.xml,niruktau.htm
sa_nityakarmapUjAvidhi.xml,nitkarpu.htm
sa_nityanAthasiddha-rasaratnAkara.xml,nitrrk_u.htm
sa_nIlakaNThadIkSita-kaliviDambana.xml,nkalivau.htm
"sa_nAgArjuna-ratnAvali1,2,4.xml",nrat_1_u.htm
sa_udayana-nyAyavArttikatAtparyaparizuddhi-1.xml,nvtp1_1u.htm
sa_gautama-nyAyasUtra-comm2.xml,nystik_u.htm
"sa_gautama-nyAyasUtra5,1-comm.xml",nysu51au.htm
sa_jayatIrtha-nyAyasudhA.xml,nysu__1u.htm
sa_gautama-nyAyasUtra-comm.xml,nysvbh1u.htm
sa_gautama-nyAyasUtra-comm-alt.xml,nysvbh_u.htm
sa_prazastapAda-pAdArthadharmasaMgraha.xml,paddhs_u.htm
sa_padmagupta-navasAhasAGkacarita.xml,padnscau.htm
sa_rUpagosvAmin-padyAvalI.xml,padyavlu.htm
sa_pAMzupradAna-avadAna.xml,pamsuavu.htm
sa_pANini-aSTAdhyAyI-alt.xml,panini_u.htm
sa_pANini-aSTAdhyAyI.xml,paninixu.htm
sa_parazurAmakalpasUtra.xml,paraksau.htm
sa_parAtriMzikA.xml,paratriu.htm
sa_nAgeza-paribhASenduzekhara.xml,paribhsu.htm
sa_abhinavagupta-paramArthasAra.xml,parmartu.htm
sa_parAtriMzikA-comm.xml,partrvau.htm
sa_abhinavagupta-paryantapaJcAzikA.xml,parypanu.htm
sa_pAzupatasUtra-comm.xml,pasupbhu.htm
sa_pAzupatasUtra.xml,pasupsau.htm
sa_pataJjali-yogasUtra.xml,patyog_u.htm
sa_pataJjali-yogasUtra-with-bhASya.xml,patyogbu.htm
sa_pataJjali-vyAkaraNamahAbhASya.xml,pmbhassu.htm
sa_paJcaviMzabrAhmaNa.xml,pncvbr1u.htm
sa_fragments-of-prajJApAramitA-texts.xml,ppfrag_u.htm
sa_larger-prajJApAramitA.xml,pplg1__u.htm
sa_larger-prajJApAramitA-edchoong.xml,pplg202u.htm
sa_prajJApAramitAhRdayasUtra.xml,prajnhsu.htm
sa_prakAzasaMhitA.xml,prakassu.htm
sa_zAlikanAthamizra-prakaraNapaJcikA-comm.xml,prakp01u.htm
sa_pramANavArttika.xml,pramanvu.htm
sa_praznopaniSad-comm.xml,prasupbu.htm
sa_kSemarAja-pratyabhijJAhRdaya.xml,pratyabu.htm
sa_prAtimokSasUtra-of-the-sarvAstivAdins.xml,prmosu_u.htm
sa_prAtimokSasUtra-of-the-mUlasarvAstivAdins.xml,prmosubu.htm
sa_prAtimokSasUtrafragments.xml,prmosufu.htm
sa_prAtimokSasUtra-of-the-lokottaravAdimahAsaGghika.xml,prmosulu.htm
sa_pauSkarasaMhitA-27-43.xml,ps27-43u.htm
sa_pratisarAkalpadhAraNI.xml,psarkdhu.htm
sa_paJcaviMzatisAhasrikA-prajJApAramitA1-8.xml,psp_1u.htm
sa_paJcaviMzatisAhasrikA-prajJApAramitA1.xml,pspdut2u.htm
sa_pratItyasamutpAdavibhaGgasUtra.xml,psupvibhs_tu.htm
sa_puruSottamadeva-ekAkSarakoza.xml,purekaku.htm
sa_purUravas-kAdambarIsvIkaraNasUtramaJjarI.xml,purukadu.htm
sa_paJcaviMzatisAhasrikA-prajJApAramitA.xml,pvspl_u.htm
sa_ratnAkarazAnti-bhramaharanAma-hevajrasAdhana.xml,rabhramu.htm
sa_rAghavacaitanya-mahAgaNapatistotra-comm.xml,raggancu.htm
sa_kAlidAsa-raghuvaMza-kashm1-6.xml,ragh1-6u.htm
sa_rAhulabhadra-prajJApAramitAstotra.xml,rahppsau.htm
sa_rAjazekhara-kAvyamImAMsA-1.xml,rajkmimu.htm
sa_narahari-rAjanighaNTu.xml,rajnighu.htm
sa_vAlmIki-rAmAyaNa-rev-2-3.xml,ram_02au.htm
sa_vAlmIki-rAmAyaNa-southern-2.xml,ram_02su.htm
sa_rAmAnuja-bhagavadgItAbhASya.xml,ramgbhau.htm
sa_rAmodanta.xml,ramodtau.htm
"sa_rAmAnuja-zrIbhASya-1,1,3.xml",rams11au.htm
sa_rAmAnuja-vedArthasaMgraha.xml,ramvasau.htm
sa_rasAdhyaya1-302-com.xml,rasadhau.htm
sa_rasArNava1-12.xml,rasarnau.htm
sa_somadeva-rasendracUDAmaNi-3-57-16.xml,rascum_u.htm
sa_cAmuNDa-rasasaMketakalikA.xml,rassanku.htm
sa_rASTrapAlasUtra.xml,rastrps_tu.htm
sa_ratnakIrti-kSaNabhaGgasiddhi-vyatirekAtmikA.xml,ratksanu.htm
sa_mahAsaMnipAtaratnaketudhAraNIsUtra.xml,ratnakeu.htm
sa_ratnamAlAvadAna.xml,ratnml_u.htm
sa_RgvidhAna.xml,rgvidh_u.htm
sa_abhinanda-rAmacaritamahAkAvye.xml,rmc1-3au.htm
sa_rUpagosvAmin-nATakacandrikA.xml,rnatc__u.htm
sa_rUpagosvAmin-haMsadUta.xml,ruphamdu.htm
sa_rUpagosvAmin-haribhaktirasAmRtasindhu.xml,ruphbr_u.htm
sa_ruyyaka-vyaktivivekavyAkhyA-2.xml,ruvyavivya_au.htm
sa_ruyyaka-alaMkArasarvasva.xml,ruyalscu.htm
sa_ruyyaka-alaMkArasarvasva-1-34.xml,ruyalssu.htm
sa_ruyyaka-alaMkArasarvasva-1-34-comm.xml,ruyalsvu.htm
sa_ruyyaka-sahRdayalIlA.xml,ruysahlu.htm
sa_ratnakIrti-vAdarahasya.xml,rvadrahu.htm
sa_RgvedakhilAni.xml,rvkhilau.htm
sa_RgvedasaMhitApadapATha.xml,rvpp_01u.htm
"sa_zabara-mImAMsAsUtrabhASya-1,1,1-5.xml",sabbha1u.htm
sa_sabhikasaugatazAsanapravrajyAvratacaraNaparivarta.xml,sabhivpu.htm
sa_rAdhAkRSNadAsagosvAmin-sAdhanadIpikA.xml,sadhdipu.htm
sa_zAlinAtha-rasamaJjarI.xml,salrasmu.htm
sa_kuDaka-samanvayadiz.xml,samanv_u.htm
sa_suSeNa-Ayurvedamahodadhau-annapAnavidhi.xml,samapviu.htm
sa_sAmavedasaMhitA.xml,samavedu.htm
sa_saMghATasUtra-alt.xml,samghscu.htm
sa_zaMkara-kaThopaniSadbhASya.xml,samkaubh_u.htm
sa_kapila-sAMkhyasUtra.xml,samkhsuu.htm
sa_zaMkara-upadezasAhasrI.xml,samkupad_u.htm
sa_saMyuktAgama-966-972-according-to-the-chinese-canon.xml,samyu_wu.htm
sa_zaGkhAyana-AraNyaka.xml,sankharu.htm
sa_zAGkhAyanagRhyasUtra.xml,sankhgsu.htm
sa_zAGkhAyanazrautasUtra.xml,sankhssu.htm
sa_zAntideva-zikSAsamuccaya-alt.xml,sanss01u.htm
sa_zAntideva-zikSAsamuccaya.xml,sanssr_au.htm
sa_zAntideva-bodhicaryAvatAra.xml,santbcau.htm
sa_zAntarakSita-tattvasaMgraha.xml,santts_u.htm
sa_sarvamatasaMgraha.xml,sarvmtsu.htm
sa_sarvatathAgatatattvasaMgraha.xml,sarvttsu.htm
sa_pArthasArathimizra-zAstradIpikA.xml,sastrdiu.htm
sa_sAtvatatantra.xml,satvtanu.htm
sa_satyasUtra.xml,satyas_tu.htm
sa_zaMkara-saundaryalaharI.xml,saulahau.htm
sa_samantabhadra-AptamImAMsA.xml,sbhami_u.htm
sa_zAkyabuddhi-pramANavArttikaTIkA.xml,sbpramvu.htm
sa_srinivasamakhi-vedantadesika-dazavidhAhetunirUpaNa.xml,sdahennu.htm
sa_sarvadurgatiparizodhanatantra.xml,sdurst_u.htm
sa_zrIghanAcArasaMgraha.xml,sghancsu.htm
sa_siMhabhUpAla-rasArNavasudhAkara.xml,simhrs_u.htm
sa_zira-upaniSad.xml,sirup_u.htm
sa_zivapurANabooks-1-and-7.xml,sivap1_u.htm
sa_zivamahimnastava.xml,sivmstau.htm
sa_zivasUtra-with-vArttika.xml,sivsutru.htm
sa_zivopaniSad.xml,sivup_au.htm
sa_sarvajJatAkAradhAraNI.xml,sjdh_u.htm
"sa_skandapurANa1-31,14.xml",skp031au.htm
sa_skandapurANa-revAkhaNDa-rks.xml,skprevku.htm
sa_siddhasenamahAmati-nyAyAvatAra-comm.xml,snyayvau.htm
sa_somadeva-kathAsaritsAgara.xml,sokss_mu.htm
sa_somadeva-kathAsaritsAgaravetAlapaJcaviMzatikA.xml,soksvpau.htm
sa_somAnanda-zAktavijJAna.xml,somsv_u.htm
sa_vasugupta-spandakArikA.xml,spandkau.htm
sa_sAMkhyaparibhASA.xml,sparibhu.htm
sa_zrAvakabhUmi.xml,srabhu_u.htm
sa_asaGga-zrAvakabhUmi-edshukla.xml,srabhusu.htm
sa_samAdhirAjasUtratransliteration-1-111315-22.xml,srajsgiu.htm
sa_zrIkaNTha-ratnatrayaparIkSA.xml,sratrpau.htm
sa_rudrabhaTTaH-zRGgAratilaka.xml,srngt_vu.htm
sa_jiva-gosvami-satsamdarbha.xml,ss1_tatu.htm
sa_zatasAhasrikA-prajJApAramitA-2.xml,sspp2_1u.htm
sa_vasubandhu-triMzikAvijJaptikArikA-comm.xml,sthtvbhu.htm
sa_sArdhatrizatikAlottarAgama.xml,stkal_au.htm
sa_stUpalakSaNakArikAvivecana.xml,stuplaku.htm
sa_subhASitaratnakaraNDakathA.xml,subhrk_u.htm
sa_sukhAvatIvyUha.xml,sukhvylu.htm
sa_smaller-sukhAvatIvyUha.xml,sukhvysu.htm
sa_zukasaptati.xml,suksaptu.htm
sa_sumAgadhAvadAna.xml,sumagavu.htm
sa_zUnyasamAdhipAda-tattvajJAnasaMsiddhi.xml,sunytjsu.htm
sa_sUryasiddhAnta.xml,surysidu.htm
sa_subandhu-vAsavadattA.xml,suvasavu.htm
sa_suvarNavarNAvadAna.xml,suvrnavu.htm
sa_svayaMbhupurANa.xml,svabhupu.htm
sa_svacchandatantra.xml,svact_au.htm
sa_svAgatasUtra.xml,svagata_tu.htm
sa_zvetAzvataropaniSad.xml,svetu_au.htm
sa_zvetAzvataropaniSad-alt.xml,svetugau.htm
sa_udIcyazyAmilaka-pADatADitaka.xml,sypadatu.htm
sa_abhinavagupta-tantrAloka.xml,tantralu.htm
sa_tArAsragdharAstotra.xml,tarasdhu.htm
sa_tArAbhaTTArikAnAmASTottarazatakastotra.xml,tarb108u.htm
sa_pratyakSalakSaNa-of-the-tarkarahasya.xml,tarkrplu.htm
sa_tarkarahasya.xml,tarkrsau.htm
sa_tattvasamAsasUtravRtti.xml,tatsuvru.htm
sa_tattvamImAMsA.xml,tattvmiu.htm
sa_tathAgatabimbakArApaNasUtra.xml,tbimbk_u.htm
sa_varAhamihira-tikanikayAtra.xml,tikaniku.htm
sa_timirodghATana.xml,timudghu.htm
sa_toDalatantra.xml,todaltau.htm
sa_bhAvAgaNeza-tattvayAthArthyadIpana.xml,tsc_bhau.htm
sa_SimAnanda-sAMkhyatattvavivecana.xml,tsc_simu.htm
sa_sAMkhyasUtravivaraNa.xml,tsc_vivu.htm
sa_tantrAkhyAyika-1-2.xml,ttrkhy1u.htm
sa_sarvopakAriNI.xml,ttssarvu.htm
sa_tattvasamAsa-4versions.xml,tttvsamu.htm
sa_udAnavarga.xml,udanav_u.htm
sa_uDDAmarezvaratantra.xml,uddamt_u.htm
sa_uddaNDa-kokilasaMdesa.xml,uddkokau.htm
sa_udbhaTa-kAvyAlaMkArasArasaMgraha.xml,udkass_u.htm
sa_udayana-nyAyakusumAJjali.xml,udnyku1u.htm
sa_rUpagosvAmin-ujjvalanIlamaNi.xml,ujjvni_u.htm
sa_upasaMpadAjJapti.xml,upsmpjnu.htm
sa_utpaladeva-ajaDapramAtRsiddhi.xml,utajp_au.htm
sa_utpaladeva-IzvarapratyabhijJAkArikA-with-vRtti.xml,utipk_au.htm
sa_utpaladeva-zivastotrAvali.xml,utsivsau.htm
sa_vimalamitra-abhidharmadIpa-comm.xml,vabhdicu.htm
sa_vimalamitra-abhidharmadIpa.xml,vabhdiku.htm
sa_vimalamitra-abhidharmadIpa-1-383.xml,vabhdilu.htm
sa_vAcaspatimizra-bhAmati.xml,vacbhamu.htm
sa_vasudhArAdhAraNI.xml,vadhdhdu.htm
sa_vasudhArAdhAraNI-gilgit.xml,vadhdhgu.htm
sa_vasudhArAdhAraNI-alt.xml,vadhdhju.htm
sa_vAgbhaTa-aSTAGgahRdayasUtra.xml,vagaah_u.htm
sa_vaikhAnasadharmasUtra.xml,vaikhd_u.htm
sa_vaikhAnasamantraprazna5-8.xml,vaimp_cu.htm
sa_kaNAda-vaizeSikasUtra-alt.xml,vaisessu.htm
sa_kaNAda-vaizeSikasUtra.xml,vaissu1u.htm
sa_vaitAnazrautasUtra-vaitAnasUtra.xml,vaitss_u.htm
sa_vajravidAraNIdhAraNI.xml,vajvidhu.htm
sa_vasubandhu-abhidharmakozabhASya.xml,vakobhau.htm
sa_vasubandhu-abhidharmakoza.xml,vakobhku.htm
sa_bhartRhari-vAkyapadIya.xml,vakyp1au.htm
"sa_bhartRhari-vAkyapadIya1-3,7.xml",vakyp_au.htm
sa_vallabhadeva-subhASitAvali-1-1040.xml,valsubhu.htm
sa_vAmadeva-janmamaraNavicAra.xml,vamjanmu.htm
sa_vAmana-kAvyAlaMkArasUtra-alt.xml,vamkalsu.htm
sa_vAmana-kAvyAlaMkArasUtra.xml,vamkalvu.htm
sa_vAmanapurANa1-69.xml,vamp__u.htm
sa_vAmanapurANasaromAhAtmya.xml,vampsm_u.htm
sa_vAmanadatta-svabodhodayamaJjarI.xml,vamsbum_u.htm
sa_vAgIzvarakIrti-mRtyuvaJcanopadeza.xml,vamvupau.htm
sa_vAhaTa-aSTAGganighaNTu.xml,vanighau.htm
sa_vArAhagRhyasUtra.xml,vargs_u.htm
sa_varadarAja-laghusiddhAntakaumudI.xml,varlghku.htm
sa_vasubandhu-bodhicittotpAdasUtrazAstra.xml,vasbocpu.htm
sa_vAsiSThadharmasUtra.xml,vasist_u.htm
sa_vasugupta-spandakArikA-comm.xml,vasspacu.htm
sa_vasubandhu-viMzatikA-vijJaptimAtratAsiddhi.xml,vasvvmsu.htm
sa_vAtUlanAtha-vAtUlanAthasUtra-comm.xml,vatnsuau.htm
sa_vizvezvarakavicandra-camatkAracandrikA.xml,vcamkc_u.htm
sa_vajracchedikA-prajJApAramitA-gilgit.xml,vchedpgu.htm
sa_vajracchedikA-prajJApAramitA-frag.xml,vchedppu.htm
"sa_viSNudharmottarapurANa-2,127.xml",vd2127_u.htm
"sa_viSNudharmottarapurANa3,343-353.xml",vd3343au.htm
sa_viSNudharma.xml,vdhapadu.htm
sa_vidyAkara-subhASitaratnakoza.xml,vidsrgau.htm
sa_vijJAnabhairava.xml,vijnbhau.htm
sa_vijJAnabhikSu-sAMkhyasAra.xml,vijsamsu.htm
sa_vimalakIrtinirdeza.xml,vimkn_u.htm
sa_vINAzikhatantra.xml,vinst_au.htm
sa_vinayasUtra.xml,vinsutru.htm
sa_pravrajyAvastu.xml,vinv01_u.htm
sa_poSadhavastu.xml,vinv02_u.htm
sa_pravAraNAvastu.xml,vinv03_u.htm
sa_varSAvastu.xml,vinv04_u.htm
sa_carmavastu.xml,vinv05_u.htm
sa_cIvaravastu.xml,vinv07_u.htm
sa_kaThinavastu.xml,vinv08_u.htm
sa_kozAmbakavastu.xml,vinv09_u.htm
sa_karmavastu.xml,vinv10_u.htm
sa_pANDulohitakavastu.xml,vinv11_u.htm
sa_pudgalavastu.xml,vinv12_u.htm
sa_pArivAsikavastu.xml,vinv13_u.htm
sa_poSadhasthApanavastu.xml,vinv14_u.htm
sa_zayanAsanavastu.xml,vinv15_u.htm
sa_adhikaraNavastu.xml,vinv16_u.htm
sa_saGghabhedavastu.xml,vinv171u.htm
sa_bhaiSajyavastu.xml,vinv_06u.htm
sa_viSNupurANa-crit.xml,vipce_au.htm
sa_vidyAnAtha-pratAparudrIya.xml,viprud_u.htm
sa_vizvanAthakavirAja-sAhityadarpaNa-comm.xml,visah_cu.htm
sa_viSNupurANa.xml,visnup_u.htm
sa_viSNuzarman-paJcatantra.xml,vispancu.htm
sa_viSvaksenasaMhitA.xml,visvaksu.htm
sa_vizvantarAvadAna.xml,visvantu.htm
sa_vizvanAthakavirAja-sAhityadarpaNa.xml,visvsdpu.htm
sa_varAhamihira-vivAhapaTala.xml,vivahapu.htm
sa_zaMkara-vivekacuDAmaNi.xml,vivcud_u.htm
sa_vajravidAraNAdhAraNI.xml,vjviddhu.htm
sa_vasubandhu-madhyAntavibhAgakArikAbhASya.xml,vmvkbh_u.htm
sa_veGkaTanAtha-nyAyaparizuddhibhUmikA-13-5.xml,vnyps00u.htm
sa_revAkhANDa-of-the-vAyupurANa-rkv.xml,vprevk_u.htm
sa_vAgbhaTa-rasaratnasamuccaya.xml,vrasrs_u.htm
"sa_vAgbhaTa-rasaratnasamuccaya-1-18,29.xml",vrasrscu.htm
sa_vidyAsthAnopamasUtra.xml,vsths_tu.htm
sa_vidyAkarazAnti-tarkasopAna.xml,vtrksopu.htm
sa_vAdivAgIzvara-mAnamanohara.xml,vvmanmhu.htm
sa_vyAsatIrtha-tarkatANDava-comm.xml,vytrkt1u.htm
sa_yAmuna-Atmasiddhi.xml,yaatsi_u.htm
sa_yazomitra-sphuTArthA-abhidharmakozavyAkhyA.xml,yabhkvyu.htm
sa_yAmuna-Izvarasiddhi-alt.xml,yaissi_u.htm
sa_yAmuna-catuHzlokI.xml,yamcatau.htm
sa_yAmuna-gItArthasaMgraha.xml,yamgasau.htm
sa_yAmuna-Izvarasiddhi.xml,yamis_au.htm
sa_yAmuna-stotraratna.xml,yamsr_au.htm
sa_yAmuna-saMvitsiddhi-alt.xml,yamss_au.htm
sa_yAmuna-saMvitsiddhi.xml,yamsvsau.htm
sa_yAmuna-saMvitsiddhi-comm.xml,yasasi_u.htm
sa_yogazataka.xml,yogasatu.htm
sa_pataJjali-yogasUtra-alt.xml,yogasutu.htm
sa_varAhamihira-yogayAtrA-edpingree.xml,yogay1_u.htm
sa_varAhamihira-yogayAtrA-edjha.xml,yogay2_u.htm
sa_pataJjali-yogasUtra-with-bhASya-alt.xml,yogsubhu.htm
sa_yazodhara-rasaprakAzasudhAkara.xml,yrasprau.htm
sa_yuktidIpikA.xml,yuktdipu.htm
